Acton,CA,93510
Agoura Hills,CA,91301
Alhambra,CA,91801
Altadena,CA,91001
Anaheim,CA,92801
Arcadia,CA,91006
Artesia,CA,90701
Atwood,CA,92811
Azusa,CA,91702
Baldwin Park,CA,91706
Bell,CA,90201
Bell Gardens,CA,90202
Bellflower,CA,90706
Beverly Hills,CA,90209
Brandeis,CA,93064
Brea,CA,92821
Buena Park,CA,90620
Burbank,CA,91501
Calabasas,CA,91302
Camarillo,CA,93010
Canoga Park,CA,91303
Canyon Country,CA,91351
Carson,CA,90745
Castaic,CA,91310
Cerritos,CA,90703
Chatsworth,CA,91311
Chino Hills,CA,91709
City Of Industry,CA,91714
Claremont,CA,91711
Compton,CA,90220
Covina,CA,91722
Culver City,CA,90230
Cypress,CA,90630
Diamond Bar,CA,91765
Downey,CA,90239
Duarte,CA,91009
El Monte,CA,91731
El Segundo,CA,90245
Encino,CA,91316
Fillmore,CA,93015
Fountain Valley,CA,92708
Fullerton,CA,92831
Garden Grove,CA,92840
Gardena,CA,90247
Glendale,CA,91201
Glendora,CA,91740
Granada Hills,CA,91344
Hacienda Heights,CA,91745
Harbor City,CA,90710
Hawaiian Gardens,CA,90716
Hawthorne,CA,90250
Hermosa Beach,CA,90254
Huntington Beach,CA,92605
Huntington Park,CA,90255
Inglewood,CA,90301
La Canada Flintridge,CA,91011
La Crescenta,CA,91214
La Habra,CA,90631
La Mirada,CA,90637
La Palma,CA,90623
La Puente,CA,91744
La Verne,CA,91750
Lake Hughes,CA,93532
Lakewood,CA,90711
Lancaster,CA,93534
Lawndale,CA,90260
Lebec,CA,93243
Littlerock,CA,93543
Llano,CA,93544
Lomita,CA,90717
Long Beach,CA,90801
Los Alamitos,CA,90720
Los Angeles,CA,90001
Lynwood,CA,90262
Malibu,CA,90263
Manhattan Beach,CA,90266
Marina Del Rey,CA,90292
Maywood,CA,90270
Midway City,CA,92655
Mission Hills,CA,91345
Monrovia,CA,91016
Montclair,CA,91763
Montebello,CA,90640
Monterey Park,CA,91754
Montrose,CA,91020
Moorpark,CA,93020
Mount Wilson,CA,91023
Mt Baldy,CA,91759
Newbury Park,CA,91319
Newhall,CA,91321
North Hills,CA,91343
North Hollywood,CA,91601
Northridge,CA,91324
Norwalk,CA,90650
Oak Park,CA,91377
Oak View,CA,93022
Ojai,CA,93023
Ontario,CA,91758
Orange,CA,92856
Oxnard,CA,93030
Pacific Palisades,CA,90272
Pacoima,CA,91331
Palmdale,CA,93550
Palos Verdes Peninsula,CA,90274
Panorama City,CA,91402
Paramount,CA,90723
Pasadena,CA,91050
Pearblossom,CA,93553
Pico Rivera,CA,90660
Pinon Hills,CA,92372
Piru,CA,93040
Placentia,CA,92870
Playa Del Rey,CA,90293
Point Mugu Nawc,CA,93042
Pomona,CA,91766
Port Hueneme,CA,93041
Port Hueneme Cbc Base,CA,93043
Rancho Cucamonga,CA,91701
Rancho Palos Verdes,CA,90275
Redondo Beach,CA,90277
Reseda,CA,91335
Rosamond,CA,93560
Rosemead,CA,91770
Rowland Heights,CA,91748
San Dimas,CA,91773
San Fernando,CA,91340
San Gabriel,CA,91775
San Marino,CA,91108
San Pedro,CA,90731
Santa Clarita,CA,91350
Santa Fe Springs,CA,90670
Santa Monica,CA,90401
Santa Paula,CA,93060
Seal Beach,CA,90740
Sherman Oaks,CA,91403
Sierra Madre,CA,91024
Simi Valley,CA,93062
Somis,CA,93066
South El Monte,CA,91733
South Gate,CA,90280
South Pasadena,CA,91030
Stanton,CA,90680
Stevenson Ranch,CA,91381
Studio City,CA,91604
Sun Valley,CA,91352
Sunland,CA,91040
Sunset Beach,CA,90742
Surfside,CA,90743
Sylmar,CA,91342
Tarzana,CA,91356
Temple City,CA,91780
Thousand Oaks,CA,91358
Toluca Lake,CA,91610
Topanga,CA,90290
Torrance,CA,90501
Tujunga,CA,91042
Universal City,CA,91608
Upland,CA,91784
Valencia,CA,91354
Valley Village,CA,91607
Valyermo,CA,93563
Van Nuys,CA,91388
Venice,CA,90291
Ventura,CA,93001
Verdugo City,CA,91046
Villa Park,CA,92861
Walnut,CA,91788
West Covina,CA,91790
West Hills,CA,91307
West Hollywood,CA,90069
Westlake Village,CA,91359
Westminster,CA,92683
Whittier,CA,90601
Wilmington,CA,90744
Winnetka,CA,91306
Woodland Hills,CA,91364
Wrightwood,CA,92397
Yorba Linda,CA,92885
